category,match_count,total_count,match_percentage
POLITICS,29637,35601,83.2476615825398
ENTERTAINMENT,4164,17361,23.984793502678418
WELLNESS,2478,17945,13.808860406798551
PARENTING,648,8791,7.371175065407804
TRAVEL,524,9900,5.292929292929293
STYLE & BEAUTY,368,9814,3.749745261870797
