Model,Coherence Score
LDA Model 1,0.2791597609248256
LDA Model 2,0.2913562294299771
LDA Model 3,0.2886977925231176
LDA Model 4,0.2896713948834678
