Run,Duration (minutes),Coherence Score
1,12.961530649662018,0.2474312675884771
