Run,Duration (minutes),Coherence Score
1,50.23810725212097,0.24897375347328105
